Workbook

Sheet Dashboard
A1: SPSS Dashboard — Maple Grove Academy (45 students) | N1: Calc Engine
A3: Design : Borderline Student Watch
N4: =COUNTA('Student Data'!A2:A46) -> 45
A5: Total Students | C5: Borderline Attendance (70-80%) | F5: Borderline Score (55-65) | I5: RED - Dual Risk | N5: =COUNTIF('Student Data'!J2:J46,"RED - Dual Risk") -> 6
A6: =N4 -> 45 | C6: =N8 -> 12 | F6: =N9 -> 0 | I6: =N5 -> 6 | N6: =COUNTIF('Student Data'!J2:J46,"YELLOW - Single Risk") -> 19
N7: =COUNTIF('Student Data'!J2:J46,"GREEN - Satisfactory") -> 20
N8: =COUNTIFS('Student Data'!G2:G46,">=70",'Student Data'!G2:G46,"<80") -> 12
A9: students | C9: students | F9: students | I9: students | N9: =COUNTIFS('Student Data'!F2:F46,">=55",'Student Data'!F2:F46,"<65") -> 0
A11: Risk Category Breakdown
A12: Category | B12: Students
A13: RED - Dual Risk | B13: =N5 -> 6
A14: YELLOW - Single Risk | B14: =N6 -> 19
A15: GREEN - Satisfactory | B15: =N7 -> 20
A18: Borderline Watch List Threshold (75%)
A19: Rank | B19: Student | C19: Attendance % | D19: Distance to 75%
A20: 1 | B20: =INDEX('Student Data'!$B$2:$B$46,MATCH(SMALL('Student Data'!$R$2:$R$46,1),'Student Data'!$R$2:$R$46,0)) -> Vivian Adeyinka | C20: =INDEX('Student Data'!$G$2:$G$46,MATCH(SMALL('Student Data'!$R$2:$R$46,1),'Student Data'!$R$2:$R$46,0)) -> 75.1 | D20: =SMALL('Student Data'!$R$2:$R$46,1) -> 0.100032
A21: 2 | B21: =INDEX('Student Data'!$B$2:$B$46,MATCH(SMALL('Student Data'!$R$2:$R$46,2),'Student Data'!$R$2:$R$46,0)) -> Anthony Oyelaran | C21: =INDEX('Student Data'!$G$2:$G$46,MATCH(SMALL('Student Data'!$R$2:$R$46,2),'Student Data'!$R$2:$R$46,0)) -> 73.4 | D21: =SMALL('Student Data'!$R$2:$R$46,2) -> 1.600013
A22: 3 | B22: =INDEX('Student Data'!$B$2:$B$46,MATCH(SMALL('Student Data'!$R$2:$R$46,3),'Student Data'!$R$2:$R$46,0)) -> Anaya Umeh | C22: =INDEX('Student Data'!$G$2:$G$46,MATCH(SMALL('Student Data'!$R$2:$R$46,3),'Student Data'!$R$2:$R$46,0)) -> 73.3 | D22: =SMALL('Student Data'!$R$2:$R$46,3) -> 1.700038
A23: 4 | B23: =INDEX('Student Data'!$B$2:$B$46,MATCH(SMALL('Student Data'!$R$2:$R$46,4),'Student Data'!$R$2:$R$46,0)) -> Amina Falkner | C23: =INDEX('Student Data'!$G$2:$G$46,MATCH(SMALL('Student Data'!$R$2:$R$46,4),'Student Data'!$R$2:$R$46,0)) -> 76.9 | D23: =SMALL('Student Data'!$R$2:$R$46,4) -> 1.900028
A24: 5 | B24: =INDEX('Student Data'!$B$2:$B$46,MATCH(SMALL('Student Data'!$R$2:$R$46,5),'Student Data'!$R$2:$R$46,0)) -> Simone Nakagawa | C24: =INDEX('Student Data'!$G$2:$G$46,MATCH(SMALL('Student Data'!$R$2:$R$46,5),'Student Data'!$R$2:$R$46,0)) -> 77.1 | D24: =SMALL('Student Data'!$R$2:$R$46,5) -> 2.100036
A25: 6 | B25: =INDEX('Student Data'!$B$2:$B$46,MATCH(SMALL('Student Data'!$R$2:$R$46,6),'Student Data'!$R$2:$R$46,0)) -> Omar Anand | C25: =INDEX('Student Data'!$G$2:$G$46,MATCH(SMALL('Student Data'!$R$2:$R$46,6),'Student Data'!$R$2:$R$46,0)) -> 77.3 | D25: =SMALL('Student Data'!$R$2:$R$46,6) -> 2.300017
A26: 7 | B26: =INDEX('Student Data'!$B$2:$B$46,MATCH(SMALL('Student Data'!$R$2:$R$46,7),'Student Data'!$R$2:$R$46,0)) -> Miles Reyes | C26: =INDEX('Student Data'!$G$2:$G$46,MATCH(SMALL('Student Data'!$R$2:$R$46,7),'Student Data'!$R$2:$R$46,0)) -> 72.1 | D26: =SMALL('Student Data'!$R$2:$R$46,7) -> 2.900003
A27: 8 | B27: =INDEX('Student Data'!$B$2:$B$46,MATCH(SMALL('Student Data'!$R$2:$R$46,8),'Student Data'!$R$2:$R$46,0)) -> Deshawn Larkspur | C27: =INDEX('Student Data'!$G$2:$G$46,MATCH(SMALL('Student Data'!$R$2:$R$46,8),'Student Data'!$R$2:$R$46,0)) -> 72 | D27: =SMALL('Student Data'!$R$2:$R$46,8) -> 3.000011
A30: Two-Week Snapshot Comparison (illustrative)
A31: Category | B31: Last Week | C31: This Week
A32: RED | B32: 5 | C32: =N5 -> 6
A33: YELLOW | B33: 10 | C33: =N6 -> 19
A34: GREEN | B34: 16 | C34: =N7 -> 20

Sheet Student Data
A1: Student ID | B1: Name | C1: Test 1 | D1: Test 2 | E1: Test 3 | F1: Average | G1: Attendance % | H1: Academic Status | I1: Attendance Status | J1: Risk Category | R1: AbsDist75
A2: 1001 | B2: Ronan Whitaker | C2: 52 | D2: 47 | E2: 38 | F2: =ROUND(AVERAGE(C2:E2),1) -> 45.7 | G2: 87.7 | H2: =IF(F2<60,"FAIL","PASS") -> FAIL | I2: =IF(G2<75,"FAIL","PASS") -> PASS | J2: =IF(AND(H2="FAIL",I2="FAIL"),"RED - Dual Risk",IF(OR(H2="FAIL",I2="FAIL"),"YELLOW - Single Risk","GREEN - Satisfactory")) -> YELLOW - Single Risk | R2: =ABS(G2-75)+(ROW()-1)/1000000 -> 12.700001
A3: 1002 | B3: Leilani Kamau | C3: 73 | D3: 78 | E3: 61 | F3: =ROUND(AVERAGE(C3:E3),1) -> 70.7 | G3: 64.8 | H3: =IF(F3<60,"FAIL","PASS") -> PASS | I3: =IF(G3<75,"FAIL","PASS") -> FAIL | J3: =IF(AND(H3="FAIL",I3="FAIL"),"RED - Dual Risk",IF(OR(H3="FAIL",I3="FAIL"),"YELLOW - Single Risk","GREEN - Satisfactory")) -> YELLOW - Single Risk | R3: =ABS(G3-75)+(ROW()-1)/1000000 -> 10.200002
A4: 1003 | B4: Miles Reyes | C4: 38 | D4: 39 | E4: 49 | F4: =ROUND(AVERAGE(C4:E4),1) -> 42 | G4: 72.1 | H4: =IF(F4<60,"FAIL","PASS") -> FAIL | I4: =IF(G4<75,"FAIL","PASS") -> FAIL | J4: =IF(AND(H4="FAIL",I4="FAIL"),"RED - Dual Risk",IF(OR(H4="FAIL",I4="FAIL"),"YELLOW - Single Risk","GREEN - Satisfactory")) -> RED - Dual Risk | R4: =ABS(G4-75)+(ROW()-1)/1000000 -> 2.900003
A5: 1004 | B5: Sadie Sundberg | C5: 56 | D5: 41 | E5: 48 | F5: =ROUND(AVERAGE(C5:E5),1) -> 48.3 | G5: 99.6 | H5: =IF(F5<60,"FAIL","PASS") -> FAIL | I5: =IF(G5<75,"FAIL","PASS") -> PASS | J5: =IF(AND(H5="FAIL",I5="FAIL"),"RED - Dual Risk",IF(OR(H5="FAIL",I5="FAIL"),"YELLOW - Single Risk","GREEN - Satisfactory")) -> YELLOW - Single Risk | R5: =ABS(G5-75)+(ROW()-1)/1000000 -> 24.600004
A6: 1005 | B6: Quentin Okonkwo | C6: 73 | D6: 89 | E6: 75 | F6: =ROUND(AVERAGE(C6:E6),1) -> 79 | G6: 85.9 | H6: =IF(F6<60,"FAIL","PASS") -> PASS | I6: =IF(G6<75,"FAIL","PASS") -> PASS | J6: =IF(AND(H6="FAIL",I6="FAIL"),"RED - Dual Risk",IF(OR(H6="FAIL",I6="FAIL"),"YELLOW - Single Risk","GREEN - Satisfactory")) -> GREEN - Satisfactory | R6: =ABS(G6-75)+(ROW()-1)/1000000 -> 10.900005
A7: 1006 | B7: Julia Ashworth | C7: 43 | D7: 51 | E7: 44 | F7: =ROUND(AVERAGE(C7:E7),1) -> 46 | G7: 79.9 | H7: =IF(F7<60,"FAIL","PASS") -> FAIL | I7: =IF(G7<75,"FAIL","PASS") -> PASS | J7: =IF(AND(H7="FAIL",I7="FAIL"),"RED - Dual Risk",IF(OR(H7="FAIL",I7="FAIL"),"YELLOW - Single Risk","GREEN - Satisfactory")) -> YELLOW - Single Risk | R7: =ABS(G7-75)+(ROW()-1)/1000000 -> 4.900006
A8: 1007 | B8: Marcus Dumont | C8: 62 | D8: 69 | E8: 82 | F8: =ROUND(AVERAGE(C8:E8),1) -> 71 | G8: 42.5 | H8: =IF(F8<60,"FAIL","PASS") -> PASS | I8: =IF(G8<75,"FAIL","PASS") -> FAIL | J8: =IF(AND(H8="FAIL",I8="FAIL"),"RED - Dual Risk",IF(OR(H8="FAIL",I8="FAIL"),"YELLOW - Single Risk","GREEN - Satisfactory")) -> YELLOW - Single Risk | R8: =ABS(G8-75)+(ROW()-1)/1000000 -> 32.500007
A9: 1008 | B9: Sofia Kowalczyk | C9: 60 | D9: 90 | E9: 87 | F9: =ROUND(AVERAGE(C9:E9),1) -> 79 | G9: 43.9 | H9: =IF(F9<60,"FAIL","PASS") -> PASS | I9: =IF(G9<75,"FAIL","PASS") -> FAIL | J9: =IF(AND(H9="FAIL",I9="FAIL"),"RED - Dual Risk",IF(OR(H9="FAIL",I9="FAIL"),"YELLOW - Single Risk","GREEN - Satisfactory")) -> YELLOW - Single Risk | R9: =ABS(G9-75)+(ROW()-1)/1000000 -> 31.100008
A10: 1009 | B10: Ibrahim Nwosu | C10: 92 | D10: 82 | E10: 97 | F10: =ROUND(AVERAGE(C10:E10),1) -> 90.3 | G10: 94.8 | H10: =IF(F10<60,"FAIL","PASS") -> PASS | I10: =IF(G10<75,"FAIL","PASS") -> PASS | J10: =IF(AND(H10="FAIL",I10="FAIL"),"RED - Dual Risk",IF(OR(H10="FAIL",I10="FAIL"),"YELLOW - Single Risk","GREEN - Satisfactory")) -> GREEN - Satisfactory | R10: =ABS(G10-75)+(ROW()-1)/1000000 -> 19.800009
A11: 1010 | B11: Chloe Beaumont | C11: 62 | D11: 77 | E11: 95 | F11: =ROUND(AVERAGE(C11:E11),1) -> 78 | G11: 50.1 | H11: =IF(F11<60,"FAIL","PASS") -> PASS | I11: =IF(G11<75,"FAIL","PASS") -> FAIL | J11: =IF(AND(H11="FAIL",I11="FAIL"),"RED - Dual Risk",IF(OR(H11="FAIL",I11="FAIL"),"YELLOW - Single Risk","GREEN - Satisfactory")) -> YELLOW - Single Risk | R11: =ABS(G11-75)+(ROW()-1)/1000000 -> 24.90001
A12: 1011 | B12: Deshawn Larkspur | C12: 41 | D12: 37 | E12: 48 | F12: =ROUND(AVERAGE(C12:E12),1) -> 42 | G12: 72 | H12: =IF(F12<60,"FAIL","PASS") -> FAIL | I12: =IF(G12<75,"FAIL","PASS") -> FAIL | J12: =IF(AND(H12="FAIL",I12="FAIL"),"RED - Dual Risk",IF(OR(H12="FAIL",I12="FAIL"),"YELLOW - Single Risk","GREEN - Satisfactory")) -> RED - Dual Risk | R12: =ABS(G12-75)+(ROW()-1)/1000000 -> 3.000011
A13: 1012 | B13: Mei Yamada | C13: 89 | D13: 61 | E13: 71 | F13: =ROUND(AVERAGE(C13:E13),1) -> 73.7 | G13: 89.3 | H13: =IF(F13<60,"FAIL","PASS") -> PASS | I13: =IF(G13<75,"FAIL","PASS") -> PASS | J13: =IF(AND(H13="FAIL",I13="FAIL"),"RED - Dual Risk",IF(OR(H13="FAIL",I13="FAIL"),"YELLOW - Single Risk","GREEN - Satisfactory")) -> GREEN - Satisfactory | R13: =ABS(G13-75)+(ROW()-1)/1000000 -> 14.300012
... A46: 1045 | B46: Kiara Adeleke | C46: 30 | D46: 43 | E46: 47 | F46: =ROUND(AVERAGE(C46:E46),1) -> 40 | G46: 44.9 | H46: =IF(F46<60,"FAIL","PASS") -> FAIL | I46: =IF(G46<75,"FAIL","PASS") -> FAIL | J46: =IF(AND(H46="FAIL",I46="FAIL"),"RED - Dual Risk",IF(OR(H46="FAIL",I46="FAIL"),"YELLOW - Single Risk","GREEN - Satisfactory")) -> RED - Dual Risk | R46: =ABS(G46-75)+(ROW()-1)/1000000 -> 30.100045

Sheet README
A1: SPSS Dashboard — Maple Grove Academy (45 students)
A3: Excel + Orange SPSS workflow.
A5: Rows: 45 fictional students, randomly generated.
A7: Columns F (Average), H (Academic Status), I (Attendance Status), and J (Risk Category)
A8: are LIVE FORMULAS - replacing columns C:E and G with real data recalculates everything.
A10: IMPORTANT - Orange setup: when you load this into Orange, set Academic Status and
A11: Attendance Status to META (not Feature) in the File widget. Leaving them as Features
A12: causes the Decision Tree to see the answer directly and score a meaningless 1.000.
